id,category,query,answer,expected_answer,faithfulness,faithfulness_notes,relevance,relevance_notes,context_recall,context_recall_notes,completeness,completeness_notes,config_label
q01,SLA,SLA xử lý ticket P1 là bao lâu?,SLA xử lý ticket P1 là 15 phút cho phản hồi ban đầu và 4 giờ cho xử lý và khắc phục [1].,Ticket P1 có SLA phản hồi ban đầu 15 phút và thời gian xử lý (resolution) là 4 giờ.,2,"coverage=0.10, citations=1",3,query_overlap=0.50,5,Retrieved: 1/1,4,expected_coverage=0.73,baseline_dense
q02,Refund,Khách hàng có thể yêu cầu hoàn tiền trong bao nhiêu ngày?,Khách hàng có thể yêu cầu hoàn tiền trong vòng 7 ngày làm việc kể từ thời điểm xác nhận đơn hàng [1].,Khách hàng có thể yêu cầu hoàn tiền trong vòng 7 ngày làm việc kể từ thời điểm xác nhận đơn hàng.,3,"coverage=0.19, citations=1",5,query_overlap=1.00,5,Retrieved: 1/1,5,expected_coverage=1.00,baseline_dense
q03,Access Control,Ai phải phê duyệt để cấp quyền Level 3?,"Để cấp quyền Level 3, cần phê duyệt của Line Manager, IT Admin và IT Security [1].","Level 3 (Elevated Access) cần phê duyệt từ Line Manager, IT Admin, và IT Security.",2,"coverage=0.10, citations=1",5,query_overlap=0.83,5,Retrieved: 1/1,4,expected_coverage=0.80,baseline_dense
q04,Refund,Sản phẩm kỹ thuật số có được hoàn tiền không?,"Sản phẩm kỹ thuật số không được hoàn tiền, trừ khi có lỗi do nhà sản xuất và đáp ứng các điều kiện khác [1].","Không. Theo chính sách hoàn tiền, sản phẩm thuộc danh mục hàng kỹ thuật số (license key, subscription) là ngoại lệ không được hoàn tiền.",3,"coverage=0.20, citations=1",5,query_overlap=1.00,5,Retrieved: 1/1,2,expected_coverage=0.39,baseline_dense
q05,IT Helpdesk,Tài khoản bị khóa sau bao nhiêu lần đăng nhập sai?,"Tài khoản bị khóa sau 5 lần đăng nhập sai liên tiếp. Để mở khóa, bạn cần liên hệ IT Helpdesk hoặc tự reset qua portal SSO [1].",Tài khoản bị khóa sau 5 lần đăng nhập sai liên tiếp.,3,"coverage=0.18, citations=1",5,query_overlap=1.00,5,Retrieved: 1/1,5,expected_coverage=1.00,baseline_dense
q06,SLA,Escalation trong sự cố P1 diễn ra như thế nào?,"Escalation trong sự cố P1 diễn ra theo quy trình sau:

1. On-call engineer nhận alert hoặc ticket và xác nhận severity trong 5 phút.
2. Nếu không có phản hồi trong 10 phút, ticket sẽ tự động escalate lên Senior Engineer.
3. Lead Engineer phân công engineer xử lý trong 10 phút.
4. Engineer cập nhật tiến độ lên ticket mỗi 30 phút và nếu cần hỗ trợ thêm, sẽ escalate ngay.

Sau khi khắc phục, engineer phải viết incident report trong vòng 24 giờ [2][3].",Ticket P1 tự động escalate lên Senior Engineer nếu không có phản hồi trong 10 phút sau khi tạo ticket.,4,"coverage=0.41, citations=2",4,query_overlap=0.75,5,Retrieved: 1/1,5,expected_coverage=0.93,baseline_dense
q07,Access Control,Approval Matrix để cấp quyền hệ thống là tài liệu nào?,"Approval Matrix để cấp quyền hệ thống là tài liệu quy định quy trình cấp phép truy cập vào các hệ thống nội bộ của công ty, áp dụng cho tất cả nhân viên, contractor, và third-party vendor [1].",Tài liệu 'Approval Matrix for System Access' hiện tại có tên mới là 'Access Control SOP' (access-control-sop.md).,4,"coverage=0.30, citations=1",5,query_overlap=1.00,5,Retrieved: 1/1,2,expected_coverage=0.31,baseline_dense
q08,HR Policy,Nhân viên được làm remote tối đa mấy ngày mỗi tuần?,Nhân viên được làm remote tối đa 2 ngày mỗi tuần sau khi hoàn thành thời gian thử việc [1].,"Nhân viên sau probation period có thể làm remote tối đa 2 ngày/tuần, với điều kiện được Team Lead phê duyệt.",2,"coverage=0.12, citations=1",5,query_overlap=0.90,5,Retrieved: 1/1,3,expected_coverage=0.47,baseline_dense
q09,Insufficient Context,ERR-403-AUTH là lỗi gì và cách xử lý?,Tôi không biết.,"Không tìm thấy thông tin về ERR-403-AUTH trong tài liệu hiện có. Đây có thể là lỗi liên quan đến xác thực (authentication), hãy liên hệ IT Helpdesk.",1,"coverage=0.02, citations=0",1,query_overlap=0.00,,No expected sources,1,expected_coverage=0.04,baseline_dense
q10,Refund,"Nếu cần hoàn tiền khẩn cấp cho khách hàng VIP, quy trình có khác không?","Không có thông tin cụ thể nào trong bối cảnh về quy trình hoàn tiền khẩn cấp cho khách hàng VIP. Do đó, tôi không biết.","Tài liệu chính sách hoàn tiền không đề cập đến quy trình đặc biệt cho khách hàng VIP. Theo chính sách hiện hành, tất cả yêu cầu hoàn tiền đều theo cùng quy trình tiêu chuẩn trong 3-5 ngày làm việc.",5,Abstain response detected,3,Abstain without clear unknown query,5,Retrieved: 1/1,2,Abstain but expected factual answer exists,baseline_dense
q01,SLA,SLA xử lý ticket P1 là bao lâu?,SLA xử lý ticket P1 là 4 giờ để khắc phục và 15 phút để phản hồi ban đầu kể từ khi ticket được tạo [1].,Ticket P1 có SLA phản hồi ban đầu 15 phút và thời gian xử lý (resolution) là 4 giờ.,2,"coverage=0.12, citations=1",3,query_overlap=0.50,5,Retrieved: 1/1,4,expected_coverage=0.73,variant_hybrid
q02,Refund,Khách hàng có thể yêu cầu hoàn tiền trong bao nhiêu ngày?,Khách hàng có thể yêu cầu hoàn tiền trong vòng 7 ngày làm việc kể từ thời điểm xác nhận đơn hàng [1].,Khách hàng có thể yêu cầu hoàn tiền trong vòng 7 ngày làm việc kể từ thời điểm xác nhận đơn hàng.,3,"coverage=0.19, citations=1",5,query_overlap=1.00,5,Retrieved: 1/1,5,expected_coverage=1.00,variant_hybrid
q03,Access Control,Ai phải phê duyệt để cấp quyền Level 3?,"Để cấp quyền Level 3, cần phê duyệt của Line Manager, IT Admin và IT Security [1].","Level 3 (Elevated Access) cần phê duyệt từ Line Manager, IT Admin, và IT Security.",2,"coverage=0.11, citations=1",5,query_overlap=0.83,5,Retrieved: 1/1,4,expected_coverage=0.80,variant_hybrid
q04,Refund,Sản phẩm kỹ thuật số có được hoàn tiền không?,"Sản phẩm kỹ thuật số không được hoàn tiền, trừ khi có lỗi do nhà sản xuất và đáp ứng các điều kiện khác [1].","Không. Theo chính sách hoàn tiền, sản phẩm thuộc danh mục hàng kỹ thuật số (license key, subscription) là ngoại lệ không được hoàn tiền.",3,"coverage=0.20, citations=1",5,query_overlap=1.00,5,Retrieved: 1/1,2,expected_coverage=0.39,variant_hybrid
q05,IT Helpdesk,Tài khoản bị khóa sau bao nhiêu lần đăng nhập sai?,"Tài khoản bị khóa sau 5 lần đăng nhập sai liên tiếp. Để mở khóa, bạn cần liên hệ IT Helpdesk hoặc tự reset qua portal SSO [1].",Tài khoản bị khóa sau 5 lần đăng nhập sai liên tiếp.,3,"coverage=0.17, citations=1",5,query_overlap=1.00,5,Retrieved: 1/1,5,expected_coverage=1.00,variant_hybrid
q06,SLA,Escalation trong sự cố P1 diễn ra như thế nào?,"Escalation trong sự cố P1 diễn ra như sau: Nếu không có phản hồi trong 10 phút, ticket sẽ tự động được escalate lên Senior Engineer. Ngoài ra, trong trường hợp khẩn cấp, On-call IT Admin có thể cấp quyền tạm thời (tối đa 24 giờ) sau khi được Tech Lead phê duyệt bằng lời. Sau 24 giờ, phải có ticket chính thức hoặc quyền sẽ bị thu hồi tự động, và mọi quyền tạm thời phải được ghi log vào hệ thống Security Audit [1][2].",Ticket P1 tự động escalate lên Senior Engineer nếu không có phản hồi trong 10 phút sau khi tạo ticket.,4,"coverage=0.36, citations=2",5,query_overlap=1.00,5,Retrieved: 1/1,5,expected_coverage=0.93,variant_hybrid
q07,Access Control,Approval Matrix để cấp quyền hệ thống là tài liệu nào?,Approval Matrix để cấp quyền hệ thống là tài liệu quy định quy trình cấp phép truy cập vào các hệ thống nội bộ của công ty [1].,Tài liệu 'Approval Matrix for System Access' hiện tại có tên mới là 'Access Control SOP' (access-control-sop.md).,3,"coverage=0.18, citations=1",5,query_overlap=1.00,5,Retrieved: 1/1,2,expected_coverage=0.31,variant_hybrid
q08,HR Policy,Nhân viên được làm remote tối đa mấy ngày mỗi tuần?,"Nhân viên được làm remote tối đa 2 ngày mỗi tuần sau khi hoàn thành probation period, và lịch remote phải được Team Lead phê duyệt qua HR Portal [1].","Nhân viên sau probation period có thể làm remote tối đa 2 ngày/tuần, với điều kiện được Team Lead phê duyệt.",3,"coverage=0.17, citations=1",5,query_overlap=0.90,5,Retrieved: 1/1,4,expected_coverage=0.79,variant_hybrid
q09,Insufficient Context,ERR-403-AUTH là lỗi gì và cách xử lý?,Tôi không biết.,"Không tìm thấy thông tin về ERR-403-AUTH trong tài liệu hiện có. Đây có thể là lỗi liên quan đến xác thực (authentication), hãy liên hệ IT Helpdesk.",1,"coverage=0.03, citations=0",1,query_overlap=0.00,,No expected sources,1,expected_coverage=0.04,variant_hybrid
q10,Refund,"Nếu cần hoàn tiền khẩn cấp cho khách hàng VIP, quy trình có khác không?","Không có thông tin nào trong bối cảnh đề cập đến quy trình hoàn tiền khẩn cấp cho khách hàng VIP. Do đó, tôi không biết.","Tài liệu chính sách hoàn tiền không đề cập đến quy trình đặc biệt cho khách hàng VIP. Theo chính sách hiện hành, tất cả yêu cầu hoàn tiền đều theo cùng quy trình tiêu chuẩn trong 3-5 ngày làm việc.",5,Abstain response detected,3,Abstain without clear unknown query,5,Retrieved: 1/1,2,Abstain but expected factual answer exists,variant_hybrid
